Date,Open,High,Low,Close
01/05/2015,35.75,38.08,35.49,37.81
01/06/2015,37.8,39.61,37.17,38.25
01/07/2015,38.13,38.32,36.72,36.84
01/08/2015,36.48,36.49,34.76,35.05
01/09/2015,34.94,36.76,34.94,35.73
01/12/2015,39.15,41.41,38.91,40.75
01/13/2015,40.19,40.36,38.41,39.98
01/14/2015,40.63,42.74,40.56,41.53
01/15/2015,41.49,45.6,41.48,44.44
01/16/2015,44.53,44.55,40.88,41.81
01/20/2015,41.67,41.72,37.85,38.01
01/21/2015,37.98,38.37,36.85,38.07
01/22/2015,37.5,37.5,35.4,35.67
01/23/2015,35.88,36.52,35.65,35.91
01/26/2015,36.76,40.16,36.76,39.98
01/27/2015,41.36,45.76,38.85,42.25
01/28/2015,28.86,30.88,28.42,30.83
01/29/2015,30.46,30.46,28.36,29.26
01/30/2015,29.43,31.59,29.28,31.57
02/02/2015,31.92,32.26,29.12,29.13
02/03/2015,29.21,29.37,27.54,27.59
02/04/2015,27.79,28.45,27.45,28.41
02/05/2015,28.33,28.57,27.35,27.36
02/06/2015,27.31,28.78,26.84,28.73
02/09/2015,29.81,29.81,27.38,27.58
02/10/2015,27.28,27.29,25.9,25.91
02/11/2015,26.11,26.53,25.87,26.16
02/12/2015,26.37,27.49,26.04,26.05
02/13/2015,26.36,26.66,25.67,25.87
02/17/2015,27.37,27.74,26.78,26.78
02/18/2015,27.07,27.12,25.17,25.21
02/19/2015,25.39,25.54,24.91,25.11
02/20/2015,25.14,25.64,25.01,25.14
02/23/2015,25.45,26.95,25.13,26.76
02/24/2015,26.98,27.53,26.18,26.27
02/25/2015,26.36,29.12,26.02,28.04
02/26/2015,27.94,30.98,27.93,28.7
02/27/2015,28.9,29.65,28.69,29.32
03/02/2015,30.17,30.17,28.3,28.3
03/03/2015,28.5,28.78,27.86,27.86
03/04/2015,28.13,28.77,27.98,28
03/05/2015,28.08,30.27,28.08,28.77
03/06/2015,28.41,29.95,28.41,29.8
03/09/2015,30.63,30.74,27,27.02
03/10/2015,27.5,28.7,27.36,28.1
03/11/2015,28.28,29.82,28.25,28.79
03/12/2015,28.82,29.04,26.77,27.08
03/13/2015,27.15,28.52,26.97,27.7
03/16/2015,27.65,28.03,25.71,25.72
03/17/2015,26.04,26.21,25.48,26.11
03/18/2015,26.61,27.18,24.47,24.67
03/19/2015,25.06,25.3,24.87,25.26
03/20/2015,25.33,25.35,24.38,24.94
03/23/2015,26.59,26.78,26.13,26.38
03/24/2015,26.87,27.14,26.3,26.63
03/25/2015,27.03,30.44,27.01,30.43
03/26/2015,31.19,31.76,30.36,30.46
03/27/2015,30.83,32.17,30.77,32.17
03/30/2015,33.12,33.16,29.95,29.95
03/31/2015,30.41,31.32,30.34,31.23
04/01/2015,31.43,32.78,31.32,31.95
04/02/2015,31.95,32.11,30.84,30.88
04/06/2015,33.48,33.48,31.55,31.59
04/07/2015,32.03,32.7,31.74,32.59
04/08/2015,32.94,33.59,32.82,33.42
04/09/2015,33.61,34.45,33.48,33.54
04/10/2015,34,34.76,33.75,33.75
04/13/2015,35.71,36.03,35.28,35.82
04/14/2015,35.87,36.23,35.47,35.58
04/15/2015,35.53,35.85,34.72,34.91
04/16/2015,35.06,35.36,34.04,34.34
04/17/2015,34.5,36.7,34.49,36.65
04/20/2015,36.62,36.68,32.37,32.47
04/21/2015,32.36,33.41,32.36,33.06
04/22/2015,33.22,33.66,32.28,32.35
04/23/2015,32.88,33.02,31.91,32.17
04/24/2015,32.01,34.79,32,34.27
04/27/2015,34.49,35.23,33.81,34.34
04/28/2015,26.9,27.98,25.47,27.63
04/29/2015,27.62,28.68,26.97,27.74
04/30/2015,27.92,31.07,27.86,30.32
05/01/2015,30.03,30.07,27.56,28.06
05/04/2015,28.59,28.63,25.79,25.87
05/05/2015,26.26,27.62,26.26,27.44
05/06/2015,27.46,30.5,27.31,29.43
05/07/2015,29.46,29.88,27.1,27.16
05/08/2015,26.62,26.62,24.74,24.8
05/11/2015,25.88,26.38,24.95,25.18
05/12/2015,25.36,26.28,24.66,25.24
05/13/2015,25.04,25.26,24.54,24.77
05/14/2015,24.47,24.51,23.89,23.96
05/15/2015,24.1,24.89,23.08,23.2
05/18/2015,23.36,23.36,21,21.24
05/19/2015,21.54,21.83,20.7,21
05/20/2015,21.14,21.44,20.07,20.48
05/21/2015,20.73,20.76,19.63,19.76
05/22/2015,19.78,20.16,19.48,19.52
05/26/2015,21.08,23.38,21.04,22.76
05/27/2015,22.52,22.59,21.06,21.31
05/28/2015,21.53,21.81,20.97,21
05/29/2015,21.25,21.89,21.02,21.22
06/01/2015,21.83,22.37,20.84,21.03
06/02/2015,21.41,22.17,20.98,21.1
06/03/2015,21.13,21.46,20.81,21.07
06/04/2015,21.52,22.71,20.86,22.24
06/05/2015,22.25,22.93,22.01,22.18
06/08/2015,22.91,23.87,22.41,22.89
06/09/2015,23.57,24.31,22.42,22.7
06/10/2015,22.73,22.87,20.89,20.95
06/11/2015,20.97,21.41,20.7,21.19
06/12/2015,21.61,21.88,21.11,21.48
06/15/2015,22.37,23.03,21.33,21.5
06/16/2015,21.89,22.26,21.16,21.32
06/17/2015,21.48,22.51,21.24,21.38
06/18/2015,21.46,21.57,20.58,20.84
06/19/2015,21.26,21.48,20.99,21.27
06/22/2015,21.79,21.79,20.17,20.17
06/23/2015,20.49,20.97,20.35,20.45
06/24/2015,20.75,21.67,20.65,21.3
06/25/2015,21.53,21.99,21.15,21.62
06/26/2015,21.91,22.65,21.56,22.59
06/29/2015,24.19,26.77,23.74,26.77
06/30/2015,26.51,26.53,24.55,24.93
07/01/2015,24.93,24.93,23.53,23.57
07/02/2015,23.63,23.94,23.48,23.72
07/06/2015,25.67,25.73,24.69,24.75
07/07/2015,25.02,27.79,24.96,25.66
07/08/2015,26.6,30.07,26.58,30.07
07/09/2015,29.15,33.53,28.17,33.53
07/10/2015,32.13,32.13,29.49,29.63
07/13/2015,30.78,30.97,28.25,28.36
07/14/2015,28.13,28.57,27.38,27.54
07/15/2015,27.57,27.71,27.01,27.4
07/16/2015,26.89,27.17,26.37,26.46
07/17/2015,26.39,30.54,26.39,29.67
07/20/2015,29.47,31.83,29.47,30.18
07/21/2015,30.47,32.33,28.4,29.26
07/22/2015,23.57,23.57,21.77,22.27
07/23/2015,22.32,23.19,21.53,23.01
07/24/2015,22.98,23.89,22.12,23.53
07/27/2015,25.31,26.27,25.08,25.61
07/28/2015,25.22,25.58,22.53,22.75
07/29/2015,23.15,23.38,22.45,22.45
07/30/2015,22.81,24.1,22.71,24.07
07/31/2015,24.32,27.75,24.31,27.74
08/03/2015,28.37,32.87,27.19,31.06
08/04/2015,31.55,47.13,31.55,34.32
08/05/2015,35.9,36.98,29.41,31.71
08/06/2015,30.9,32.49,30.62,31.3
08/07/2015,31.57,31.72,30.64,31.17
08/10/2015,31.5,31.5,28.25,28.37
08/11/2015,30.03,36.51,29.9,35.87
08/12/2015,37.12,52.42,34.27,34.35
08/13/2015,33.88,34.55,30.63,31.3
08/14/2015,32.15,32.25,30.04,30.15
08/17/2015,31.21,31.73,29.17,29.74
08/18/2015,30.17,30.49,28.86,29.24
08/19/2015,29.66,31.1,29.19,29.74
08/20/2015,30.89,35.02,30.58,34.47
08/21/2015,36.39,52.7,36.39,52.7
08/24/2015,52.7,90.11,38.24,62.6
08/25/2015,47.62,59.63,46.38,59.63
08/26/2015,54.15,55.45,44.42,44.5
08/27/2015,41.31,44.78,38.65,39.69
08/28/2015,40.81,41.91,39.14,39.49
08/31/2015,41.59,42.45,39.05,40.39
09/01/2015,44.41,52,43.8,50.49
09/02/2015,47.79,47.89,41.62,41.62
09/03/2015,41.62,43.51,40.38,42.87
09/04/2015,44.51,46.92,43.44,45.31
09/08/2015,45.28,45.31,42.17,42.19
09/09/2015,41.41,43.47,39.73,42.52
09/10/2015,42.8,43.08,38.4,38.58
09/11/2015,39.51,40.83,36.75,36.77
09/14/2015,36.75,37.83,35.44,36.78
09/15/2015,37,38.02,33.9,34.25
09/16/2015,34.8,35.13,33.12,33.12
09/17/2015,34.27,35.54,31.39,34.55
09/18/2015,36.55,36.56,34.55,35.28
09/21/2015,35.64,35.83,32.2,32.29
09/22/2015,34.68,36.92,34.24,35.79
09/23/2015,35.84,35.94,34.01,34.18
09/24/2015,35.75,38.84,35.58,35.87
09/25/2015,34.75,36.41,34.31,35.96
09/28/2015,38.97,43.66,38.22,43.63
09/29/2015,43.4,47.12,41.06,45.25
09/30/2015,43.85,44.06,40.07,40.23
10/01/2015,41.4,46.45,40.85,40.95
10/02/2015,42.57,44.18,38.99,39.7
10/05/2015,41.18,42.1,38.39,38.84
10/06/2015,38.98,40.05,38.04,38.27
10/07/2015,38.36,40.41,38.19,38.71
10/08/2015,39.37,41.45,39.31,39.67
10/09/2015,39.34,40.04,37.22,37.48
10/12/2015,41.19,41.72,39.23,39.65
10/13/2015,40.16,40.3,38.29,38.42
10/14/2015,38.87,41,38.48,40.32
10/15/2015,39.83,39.98,37.72,37.75
10/16/2015,37.9,39.33,37.78,38.73
10/19/2015,38.55,39.49,36.44,36.45
10/20/2015,36.77,37.91,35.6,35.75
10/21/2015,35.98,37.19,35,36.17
10/22/2015,35.66,36.12,32.88,32.88
10/23/2015,33.01,34.11,32.18,33.68
10/26/2015,35.33,41.57,35.33,41.37
10/27/2015,41.13,41.32,39.37,40.09
10/28/2015,28.08,28.23,25.88,26.78
10/29/2015,27.17,27.68,26.3,26.55
10/30/2015,26.53,27.65,25.95,26.32
11/02/2015,27.41,27.47,25.24,25.3
11/03/2015,25.59,25.99,25.02,25.03
11/04/2015,24.97,26.32,24.82,25.23
11/05/2015,25.34,26.69,25.33,25.57
11/06/2015,25.47,26.8,25.46,26.69
11/09/2015,27.59,28.65,27.08,27.19
11/10/2015,29.48,31.08,28.65,30.57
11/11/2015,30.54,32.44,29.03,29.51
11/12/2015,29.76,29.95,28.9,29.32
11/13/2015,29.65,32.84,29.6,32.26
11/16/2015,34.27,34.31,30.64,30.71
11/17/2015,30.5,31.66,29.7,30.42
11/18/2015,29.15,30.3,28.3,28.39
11/19/2015,28.68,29.44,27.17,27.53
11/20/2015,27.75,27.9,25.48,25.89
11/23/2015,26.6,26.85,25.69,25.71
11/24/2015,26.22,26.42,25.04,25.38
11/25/2015,25.44,25.84,25.14,25.33
11/27/2015,25.86,26.18,24.99,25.1
11/30/2015,26.16,26.35,24.69,24.69
12/01/2015,24.71,25.76,24.1,25.05
12/02/2015,25.06,25.75,24.19,25.42
12/03/2015,25.57,28.41,24.83,27.46
12/04/2015,26.83,26.87,23.05,23.36
12/07/2015,24.22,25.69,24.21,24.94
12/08/2015,25.54,26.55,25.01,25.25
12/09/2015,25.85,29.5,25.8,28.54
12/10/2015,28.55,29.48,26.43,27.06
12/11/2015,28.46,34.21,28.36,33.38
12/14/2015,34.83,38.34,32.16,32.16
12/15/2015,32.89,33.83,25.12,33.11
12/16/2015,32.08,35.18,28.77,29.18
12/17/2015,28.35,32.04,28.14,30.53
12/18/2015,31.35,35.14,30.77,34.17
12/21/2015,34.1,34.18,30.27,30.27
12/22/2015,30.14,30.61,28.84,28.88
12/23/2015,28.93,28.99,26.91,27.04
12/24/2015,27.25,28.04,27.12,27.74
12/28/2015,29.98,31.07,29.55,29.7
12/29/2015,30,30,27.88,28.22
12/30/2015,28.57,29.35,28.5,29.17
12/31/2015,29.8,31.95,29.6,31.82
01/04/2016,35.82,38.73,34.42,34.42
01/05/2016,35.29,38,34.37,36.38
01/06/2016,37.76,39.24,36.79,37.84
01/07/2016,40.16,42.86,38.83,42.36
01/08/2016,40.72,40.72,37.61,40.24
01/11/2016,42.26,43.2,40.69,40.77
01/12/2016,39.36,39.8,37.89,38.11
01/13/2016,38.07,41.21,36.9,41.21
01/14/2016,40.71,43.37,37.05,38.27
01/15/2016,41.09,46.41,40.75,43.01
01/19/2016,41.59,42.49,39.41,40.11
01/20/2016,41.28,45.45,40.96,43.43
01/21/2016,43.5,44.01,39.44,39.63
01/22/2016,38.38,38.87,36.48,37.96
01/25/2016,39.03,42.3,38.7,41.44
01/26/2016,41.84,45.11,37.94,40.36
01/27/2016,33.82,34.51,29.83,32.72
01/28/2016,33.28,34.04,31.44,31.45
01/29/2016,31.44,31.44,27.05,27.4
02/01/2016,29.1,29.45,28.12,28.78
02/02/2016,29.42,30.57,29.22,30.42
02/03/2016,30.36,32.64,28.97,29.12
02/04/2016,29.32,30.34,29.1,29.29
02/05/2016,29.41,33.14,29.41,32.49
02/08/2016,34.3,35.49,32.6,33.13
02/09/2016,34.26,35.32,33.65,34.18
02/10/2016,33.6,34.44,33.05,34.04
02/11/2016,35.04,37.87,34.38,34.99
02/12/2016,34.7,35.92,32.76,32.76
02/16/2016,33.32,33.45,30.42,31.01
02/17/2016,31.22,31.27,29.32,30.03
02/18/2016,29.96,31.28,29.56,30.58
02/19/2016,30.93,30.98,28.93,29.13
02/22/2016,29.12,29.41,26.09,26.11
02/23/2016,26.97,28.85,26.82,28.73
02/24/2016,29.63,30.97,27.06,27.26
02/25/2016,27.36,28.67,26.63,26.63
02/26/2016,25.97,27.36,25.59,26.65
02/29/2016,27.38,27.58,26.31,27.23
03/01/2016,26.45,26.82,24.42,25.03
03/02/2016,24.79,25.93,24.33,24.36
03/03/2016,24.72,25.13,24.1,24.6
03/04/2016,24.43,24.99,23.39,23.6
03/07/2016,24.86,26.32,24.81,25.72
03/08/2016,26.25,26.85,25.22,25.22
03/09/2016,25.08,26.01,24.63,24.67
03/10/2016,24.69,26.2,24.1,25.48
03/11/2016,24.83,25.34,23.83,23.88
03/14/2016,24.47,24.51,22.98,23.09
03/15/2016,23.18,24.57,22.27,23.04
03/16/2016,23.53,25.28,23.24,24.1
03/17/2016,24.58,25.15,24.37,24.44
03/18/2016,24.84,25.08,23.08,23.49
03/21/2016,24.09,24.39,22.99,22.99
03/22/2016,23.52,23.63,22.75,23.4
03/23/2016,23.87,23.96,23.07,23.72
03/24/2016,24.51,24.62,23.83,24.24
03/28/2016,26.05,26.6,25.18,25.3
03/29/2016,25.66,26.15,25.17,25.4
03/30/2016,25.3,26.43,25.18,26.17
03/31/2016,26.57,27.01,26.25,26.71
04/01/2016,27.34,27.5,26.02,26.02
04/04/2016,27.08,28.59,27.08,28.49
04/05/2016,29.42,29.79,28.96,29.62
04/06/2016,29.56,30.53,29.52,29.52
04/07/2016,30.24,32.37,29.98,32.03
04/08/2016,32,32.22,30.49,30.78
04/11/2016,34.03,34.09,32.23,32.83
04/12/2016,33,33.65,31.44,31.44
04/13/2016,31.69,31.98,31.47,31.67
04/14/2016,31.96,32.65,30.6,30.75
04/15/2016,30.72,32.98,30.25,32.16
04/18/2016,32,32.19,31.02,31.57
04/19/2016,32.08,32.7,30.76,30.87
04/20/2016,31.18,31.39,27.55,28.6
04/21/2016,28.89,29.98,28.89,29.64
04/22/2016,30.1,30.36,28.41,28.71
04/25/2016,29.49,30.11,28.65,28.96
04/26/2016,29.31,30.53,28.35,30.53
04/27/2016,24.92,24.92,22.86,24.25
04/28/2016,24.32,28.38,23.49,26.59
04/29/2016,27.93,29.46,27.4,27.7
05/02/2016,27.96,29.32,26.26,26.74
05/03/2016,27.08,27.22,25.1,25.16
05/04/2016,25.41,26.47,24.9,25.46
05/05/2016,25.47,26.81,25.47,26.17
05/06/2016,26.43,27.96,25.87,25.87
05/09/2016,26.63,26.68,25.22,25.4
05/10/2016,25.24,26.06,24.25,24.29
05/11/2016,24.43,24.91,24.15,24.49
05/12/2016,24.69,28.44,24.64,25.97
05/13/2016,26.17,26.22,25.2,25.87
05/16/2016,26.2,26.2,23.67,23.97
05/17/2016,24.04,24.91,23.68,23.81
05/18/2016,23.78,24.34,23.29,23.6
05/19/2016,24.41,24.56,23.55,23.57
05/20/2016,23.45,23.66,22.77,23
05/23/2016,23.27,23.96,22.53,22.68
05/24/2016,22.72,22.92,21.89,21.94
05/25/2016,22,22.52,21.94,22.09
05/26/2016,22.23,23.1,21.7,22.18
05/27/2016,22.52,22.64,21.93,22.04
05/31/2016,23.28,23.46,22.08,22.09
06/01/2016,22.43,22.6,21.94,22.29
06/02/2016,22.71,22.99,22.06,22.39
06/03/2016,22.51,22.54,21.41,21.43
06/06/2016,22.48,22.57,21.64,21.7
06/07/2016,21.73,22.04,21.31,21.43
06/08/2016,21.52,21.69,20.9,20.9
06/09/2016,21.05,21.46,20.82,21.02
06/10/2016,21.53,23.15,21.53,23.13
06/13/2016,23.39,25,23.36,24.37
06/14/2016,24.51,26.35,24.03,24.77
06/15/2016,24.82,24.91,23.53,24.22
06/16/2016,25.19,26.08,24.14,24.17
06/17/2016,25.21,26.16,24.58,25.66
06/20/2016,25.26,25.26,23.52,24.89
06/21/2016,24.9,24.94,23.19,24.09
06/22/2016,24.09,25.47,23.32,25.23
06/23/2016,24.41,25,23.45,23.47
06/24/2016,25.87,28.09,25.46,26.83
06/27/2016,28.5,30.18,28.15,28.15
06/28/2016,27.4,27.53,24.95,25.02
06/29/2016,25,25.06,24.14,24.55
06/30/2016,24.65,24.81,23.16,23.16
07/01/2016,23.37,23.71,22.54,22.8
07/05/2016,24.72,25.27,24.58,24.74
07/06/2016,25.13,25.8,24.47,24.72
07/07/2016,24.57,25.68,24.48,24.51
07/08/2016,24.34,24.74,23.6,23.79
07/11/2016,25.23,25.28,24.25,24.93
07/12/2016,24.59,25.18,23.92,24.09
07/13/2016,23.72,24.62,23.64,24.42
07/14/2016,24.02,24.6,23.71,24.47
07/15/2016,24.18,24.55,23.68,23.68
07/18/2016,23.45,23.9,22.65,23.17
07/19/2016,23.38,23.87,22.9,23.77
07/20/2016,24.07,24.47,23.58,24.47
07/21/2016,24.26,24.93,23.89,24.65
07/22/2016,24.95,25.55,23.67,23.83
07/25/2016,24.74,25.48,24.26,25.37
07/26/2016,25.7,26.39,25.28,26.15
07/27/2016,19.98,19.98,18.39,19.19
07/28/2016,19.23,19.5,18.7,19.39
07/29/2016,19.63,19.94,18.77,18.78
08/01/2016,19.7,20.63,19.44,20.3
08/02/2016,20.62,21.17,20.03,20.48
08/03/2016,20.34,21.23,19.67,20.4
08/04/2016,20.57,20.57,19.7,19.97
08/05/2016,19.82,21.23,19.82,21.22
08/08/2016,22.21,22.6,21.61,21.63
08/09/2016,21.86,21.9,20.56,20.69
08/10/2016,20.82,20.85,20.54,20.57
08/11/2016,20.6,20.68,20.28,20.57
08/12/2016,20.95,21.04,20.18,20.23
08/15/2016,21.01,21.14,20.61,20.76
08/16/2016,20.83,21.61,20.66,20.9
08/17/2016,21.18,21.66,20.63,20.65
08/18/2016,20.74,20.79,20.14,20.31
08/19/2016,20.67,20.98,19.89,19.93
08/22/2016,20.29,21.08,19.78,19.9
08/23/2016,19.98,19.99,19.39,19.79
08/24/2016,20.02,20.9,19.91,20.69
08/25/2016,20.88,21.71,20.73,21.25
08/26/2016,21.38,22.42,20.3,21.39
08/29/2016,22.16,22.65,21.31,21.92
08/30/2016,22.31,22.99,21.72,21.75
08/31/2016,21.95,22.45,21.58,22.45
09/01/2016,22.66,23.35,22.29,22.31
09/02/2016,22.14,22.14,21.02,21.02
09/06/2016,22.2,22.4,21.73,22.03
09/07/2016,22,22.22,20.54,21.16
09/08/2016,21.4,22.14,20.92,22.08
09/09/2016,22.4,23.35,21,23.18
09/12/2016,19.81,21.65,18.36,19.73
09/13/2016,20.38,21.96,20.38,20.89
09/14/2016,21.04,25.34,20.81,22.48
09/15/2016,23.7,24.69,22.44,23.26
09/16/2016,23.39,23.77,21.65,22.12
09/19/2016,22.81,22.82,21.5,21.78
09/20/2016,22.05,22.31,21.39,21.55
09/21/2016,21.83,22.2,20.91,21.02
09/22/2016,21.2,21.49,20.38,20.52
09/23/2016,21,23.5,20.5,22.29
09/26/2016,24.39,24.53,23.55,23.88
09/27/2016,24.13,24.15,22.92,23.03
09/28/2016,23.17,23.47,22.92,22.96
09/29/2016,23.63,25.6,23.47,24.99
09/30/2016,25.22,25.81,23.68,23.97
10/03/2016,25.61,25.78,25.28,25.31
10/04/2016,25.5,26.07,25.31,25.81
10/05/2016,26.02,26.33,25.69,25.95
10/06/2016,26.07,26.24,25.34,25.74
10/07/2016,25.94,26.24,25.71,25.78
10/10/2016,27.11,27.31,26.39,26.45
10/11/2016,26.92,27.86,26.86,27.62
10/12/2016,27.74,27.74,26.71,27.02
10/13/2016,27.38,28.69,27.33,27.81
10/14/2016,27.76,27.92,26.69,26.8
10/17/2016,28.42,28.76,27.92,27.95
10/18/2016,28.23,28.33,27.8,27.88
10/19/2016,28.05,28.21,27.35,27.49
10/20/2016,27.76,27.76,26.92,26.93
10/21/2016,27.26,27.55,26.94,27.54
10/24/2016,27.53,27.66,26.79,27.12
10/25/2016,27.37,29.01,26.33,26.33
10/26/2016,21.03,21.39,20.16,20.4
10/27/2016,20.51,21.31,20.51,21.05
10/28/2016,21.11,22.16,20.22,21.27
10/31/2016,22.04,22.04,20.96,21.09
11/01/2016,21.22,25.14,21.14,23.61
11/02/2016,23.76,23.95,23.39,23.85
11/03/2016,23.95,25.64,23.55,25.47
11/04/2016,25.95,27.12,25.46,26.94
11/07/2016,26.29,26.63,24.3,24.49
11/08/2016,24.56,24.98,23.44,24.37
11/09/2016,23.51,25.04,23.03,23.12
11/10/2016,22.98,27.68,22.82,25.73
11/11/2016,26.31,26.54,24.39,24.62
11/14/2016,25.42,30.29,25.42,27.81
11/15/2016,27.49,27.8,24.96,25.07
11/16/2016,25.33,25.33,23.14,23.74
11/17/2016,24.02,24.34,23.39,23.58
11/18/2016,23.64,23.77,22.49,22.79
11/21/2016,22.49,22.49,19.78,20.06
11/22/2016,20.23,20.39,19.63,19.67
11/23/2016,20.01,20.29,19.63,19.65
11/25/2016,20.13,20.23,19.83,19.84
11/28/2016,20.82,20.95,20.42,20.93
11/29/2016,21.34,21.57,20.39,20.51
11/30/2016,20.63,20.85,20.24,20.72
12/01/2016,20.91,22.17,20.59,21.98
12/02/2016,21.96,22.06,20.44,20.51
12/05/2016,21.26,22.02,20.26,20.26
12/06/2016,20.43,20.43,19.44,19.51
12/07/2016,19.83,19.92,19.05,19.2
12/08/2016,19.38,19.92,19.22,19.43
12/09/2016,19.27,20.66,19.16,20.09
12/12/2016,16.35,17.02,16.26,16.64
12/13/2016,16.79,17.91,16.53,17.52
12/14/2016,18.17,19.01,17.62,18.93
12/15/2016,19.19,19.22,18.19,18.31
12/16/2016,19.09,19.09,18.06,18.23
12/19/2016,18.73,18.73,17.47,17.8
12/20/2016,18.17,18.25,17.37,17.58
12/21/2016,17.97,18.04,17.48,17.59
12/22/2016,18.18,18.98,18.1,18.63
12/23/2016,18.79,19.03,17.86,17.95
12/27/2016,20.22,20.7,19.92,20.43
12/28/2016,20.65,21.75,20.62,21.75
12/29/2016,22.04,22.33,21.78,21.97
12/30/2016,21.96,23.02,21.91,22.5
01/03/2017,24.38,24.42,23.02,23.1
01/04/2017,23.34,23.35,21.95,22.06
01/05/2017,22.15,22.62,21.96,22.18
01/06/2017,22.52,22.6,21.94,22.17
01/09/2017,23.37,23.91,23.26,23.61
01/10/2017,24.02,24.38,23.67,23.73
01/11/2017,23.61,24.41,23.58,23.91
01/12/2017,24.24,24.85,23.95,23.96
01/13/2017,24.12,24.12,23.24,23.85
01/17/2017,25.42,25.53,24.64,24.8
01/18/2017,24.64,25.01,23.84,24.1
01/19/2017,24.3,24.79,23.91,24.54
01/20/2017,24.36,24.53,23.05,23.32
01/23/2017,22.75,23.1,22.13,22.48
01/24/2017,22.74,22.84,22.07,22.29
01/25/2017,22.29,22.29,21.56,21.67
01/26/2017,21.63,22.3,21.52,21.8
01/27/2017,21.83,21.89,20.99,21.42
01/30/2017,21.98,23.08,21.81,22.81
01/31/2017,22.85,23.85,22.79,22.97
02/01/2017,17.14,19.25,16.11,18.67
02/02/2017,18.74,18.74,17.26,17.35
02/03/2017,17.38,17.57,16.89,16.94
02/06/2017,17.46,17.83,17.24,17.54
02/07/2017,17.57,18.4,17.23,17.24
02/08/2017,17.25,17.58,16.99,17.34
02/09/2017,17.54,17.86,16.94,17.01
02/10/2017,17.09,17.29,16.75,17.12
02/13/2017,17.69,17.81,17.13,17.57
02/14/2017,17.85,18.45,17.67,18.37
02/15/2017,18.55,19.52,18.55,19.06
02/16/2017,19.12,19.48,18.82,19.15
02/17/2017,19.17,19.19,18.1,18.22
02/21/2017,18.32,18.49,17.57,17.67
02/22/2017,17.79,18.05,17.27,17.42
02/23/2017,17.52,17.92,17.22,17.34
02/24/2017,17.53,17.58,16.96,17.2
02/27/2017,17.97,18.35,17.27,17.36
02/28/2017,17.49,17.82,17.33,17.75
03/01/2017,17.65,17.77,16.76,17.55
03/02/2017,17.83,18.03,17.4,17.5
03/03/2017,17.56,17.56,16.82,17
03/06/2017,17.72,17.74,17.23,17.41
03/07/2017,17.41,17.86,17.41,17.68
03/08/2017,17.9,17.97,17.14,17.69
03/09/2017,17.78,18.18,17.44,17.44
03/10/2017,17.5,17.65,16.65,16.75
03/13/2017,13.81,13.81,12.26,12.52
03/14/2017,12.87,13.71,12.76,13.18
03/15/2017,13.67,13.68,12.42,13.05
03/16/2017,13.61,13.82,13.18,13.29
03/17/2017,14.11,14.17,13.33,13.7
03/20/2017,14.56,14.7,13.35,13.36
03/21/2017,13.69,16.87,13.55,16.54
03/22/2017,16.68,17.23,16.39,16.71
03/23/2017,17.06,17.39,16.38,16.73
03/24/2017,16.93,17.36,16.51,17.06
03/27/2017,18.38,30.58,16.34,18.65
03/28/2017,19.06,19.42,18.3,19.19
03/29/2017,19.56,20.31,19.56,19.88
03/30/2017,20.21,20.22,19.8,19.86
03/31/2017,20.25,20.35,19.5,19.52
04/03/2017,20.96,21.23,20.48,20.55
04/04/2017,20.8,20.94,20.51,20.57
04/05/2017,21.01,21.02,20.13,20.94
04/06/2017,21.26,21.38,20.66,20.93
04/07/2017,21.33,21.43,20.77,21.12
04/10/2017,22.23,22.34,21.58,21.72
04/11/2017,22.11,23.7,22.03,22.48
04/12/2017,22.69,23.03,22.48,22.48
04/13/2017,22.62,22.71,21.54,22.36
04/17/2017,23.98,24.07,22.92,22.97
04/18/2017,23.31,23.35,22.63,22.66
04/19/2017,22.78,22.86,22.42,22.5
04/20/2017,22.45,22.54,21.38,22.11
04/21/2017,22.36,22.87,22.3,22.74
04/24/2017,22.1,22.1,19.91,20.97
04/25/2017,20.98,21.35,20.9,21.05
04/26/2017,21.17,22.52,21.17,22.43
04/27/2017,22.41,22.93,22.06,22.15
04/28/2017,22.25,22.99,21.49,21.57
05/01/2017,22.04,22.56,21.81,22.1
05/02/2017,22.09,22.98,21.47,22.4
05/03/2017,17.21,17.59,16.54,16.81
05/04/2017,16.89,17.14,15.74,15.79
05/05/2017,15.78,16.73,15.57,16.27
05/08/2017,16.71,19.03,16.69,17.8
05/09/2017,18.1,19.75,18.1,18.4
05/10/2017,18.55,19.13,18.23,18.62
05/11/2017,18.76,19.44,18.4,18.7
05/12/2017,18.8,20.69,18.8,19.42
05/15/2017,20.05,20.46,19.97,20.1
05/16/2017,20.21,20.26,19.26,19.84
05/17/2017,20.01,25.5,19.51,24.14
05/18/2017,23.85,24,22.32,23.25
05/19/2017,22.69,22.89,20.28,20.93
05/22/2017,20.72,20.87,19.02,19.06
05/23/2017,19.24,19.51,18.96,19.38
05/24/2017,19.55,19.59,18.62,18.62
05/25/2017,18.69,18.72,17.88,18.5
05/26/2017,18.47,18.5,17.36,17.4
05/30/2017,18.27,18.31,17.48,17.87
05/31/2017,17.81,19.3,17.81,18.83
06/01/2017,18.89,18.9,18.05,18.06
06/02/2017,18.12,18.83,17.97,18.33
06/05/2017,19.09,19.63,18.47,18.5
06/06/2017,18.6,18.99,18.29,18.76
06/07/2017,18.89,19.28,18.57,18.89
06/08/2017,19.02,19.39,18.73,18.78
06/09/2017,18.8,28.43,18.28,24.81
06/12/2017,25.24,52.28,22.28,22.42
06/13/2017,21.69,21.69,17.98,18.25
06/14/2017,17.97,21.12,17.85,19.53
06/15/2017,20.08,22.65,20.08,20.65
06/16/2017,21.11,21.25,20.13,20.89
06/19/2017,21.28,21.28,18.98,19.77
06/20/2017,20.2,20.63,18.97,19.45
06/21/2017,19.57,19.75,19.34,19.65
06/22/2017,19.93,20.48,19.59,19.78
06/23/2017,20,20,19.01,19.02
06/26/2017,20.28,22,20.09,21.2
06/27/2017,21.64,23.37,20.55,23.37
06/28/2017,23.75,24.12,22.04,22.24
06/29/2017,22.6,25.88,22.55,24.04
06/30/2017,23.74,24.47,22.54,23.72
07/03/2017,24.92,25.22,24.27,25.09
07/05/2017,25.79,26.22,24.35,24.79
07/06/2017,25.51,26.8,25.32,25.77
07/07/2017,25.98,25.98,24.03,24.23
07/10/2017,25.68,25.77,24.61,24.85
07/11/2017,25.39,25.72,24.29,24.37
07/12/2017,24.51,25.21,24.21,24.36
07/13/2017,24.68,25.38,24.14,24.27
07/14/2017,24.5,24.57,23.72,24.03
07/17/2017,25.41,27.08,24.93,26.05
07/18/2017,26.44,26.99,26.13,26.19
07/19/2017,26.17,26.43,25.17,25.44
07/20/2017,25.51,25.78,25.03,25.35
07/21/2017,25.66,25.82,25.01,25.32
07/24/2017,25.68,26.2,25.16,26.2
07/25/2017,26.25,26.47,25.45,25.75
07/26/2017,25.92,26.07,24.68,25.41
07/27/2017,25.68,29.62,25.38,27.79
07/28/2017,28.01,28.62,27.21,27.42
07/31/2017,28.07,28.15,26.86,26.96
08/01/2017,27.2,27.41,26,27.41
08/02/2017,22.22,25.14,20.4,22.93
08/03/2017,23.11,23.27,21.63,22.42
08/04/2017,22.35,22.7,21.25,21.38
08/07/2017,22.22,22.28,21.39,21.54
08/08/2017,21.72,23,21.45,22.47
08/09/2017,22.69,23.63,22.47,22.56
08/10/2017,23.1,28.86,23.1,27.62
08/11/2017,26.69,27.48,25.56,26.15
08/14/2017,26.05,26.24,22.89,23.41
08/15/2017,23.58,23.83,23.07,23.07
08/16/2017,23.55,23.75,22.41,22.59
08/17/2017,23,26.66,22.59,26.57
08/18/2017,26.45,27.05,24.82,26.1
08/21/2017,26.67,27.58,25.19,25.28
08/22/2017,25.15,25.2,24.25,25.04
08/23/2017,25.84,25.84,24.36,24.74
08/24/2017,24.71,26.22,24.65,25.49
08/25/2017,25.55,25.83,24.05,24.27
08/28/2017,25.15,25.52,24.62,24.65
08/29/2017,25.41,25.71,24.59,25
08/30/2017,25.11,25.58,24.66,25.08
08/31/2017,25.04,25.14,24.25,24.25
09/01/2017,24.48,25.08,24,24.98
09/05/2017,26.21,27.55,25.24,26.25
09/06/2017,26.36,26.95,25.81,26.1
09/07/2017,26.04,33.22,25.71,25.91
09/08/2017,25.89,26.87,25.58,26.16
09/11/2017,24.54,24.54,22.67,23.39
09/12/2017,23.65,23.99,18.33,21.63
09/13/2017,22.5,22.65,18.85,19.84
09/14/2017,20.16,20.38,19.33,20.33
09/15/2017,20.24,20.68,19.06,20.2
09/18/2017,20.69,21.2,19.95,20.63
09/19/2017,20.82,21.03,19.81,20.36
09/20/2017,21.02,23.67,20.77,21.61
09/21/2017,22.2,24.01,21.49,21.84
09/22/2017,22.9,24.3,22.43,22.72
09/25/2017,25.15,28.15,24.51,25.11
09/26/2017,25.01,25.02,23.61,24.22
09/27/2017,24.23,24.57,23.6,23.84
09/28/2017,24.11,24.64,23.64,23.84
09/29/2017,24.26,26.46,22.24,22.55
10/02/2017,23.88,25.09,23.83,24.46
10/03/2017,24.81,24.97,23.93,24.53
10/04/2017,25.47,25.62,24.53,24.61
10/05/2017,24.94,25.04,24.53,24.65
10/06/2017,25.05,25.15,24.15,24.18
10/09/2017,25.41,25.63,24.21,24.32
10/10/2017,24.77,25.3,24.47,25.09
10/11/2017,25.41,25.59,24.35,24.45
10/12/2017,24.78,25.78,24.39,24.58
10/13/2017,24.9,25.01,24.2,24.6
10/16/2017,25.87,26.04,25.26,25.77
10/17/2017,26.06,26.31,25.29,25.5
10/18/2017,27.85,27.85,24.88,25.13
10/19/2017,26.7,27.99,26.65,27.01
10/20/2017,27.01,27.09,25.23,26.45
10/23/2017,26.84,27.29,25.57,27.16
10/24/2017,27.29,27.29,26.03,26.34
10/25/2017,26.68,27.52,26.19,26.45
10/26/2017,26.58,26.86,25.5,26.36
10/27/2017,26.8,28.2,26.41,28.07
10/30/2017,28.49,30.24,28.49,29.38
10/31/2017,29.82,31.13,29.59,30.38
11/01/2017,30.59,30.97,29.53,30.08
11/02/2017,30.15,30.4,28.11,30.27
11/03/2017,22.97,24.01,21.87,22.49
11/06/2017,23.18,23.21,21,21.51
11/07/2017,21.71,21.9,21.24,21.61
11/08/2017,21.74,21.79,20.61,20.71
11/09/2017,21.23,22.32,20.79,20.84
11/10/2017,22.81,22.81,20.43,20.69
11/13/2017,21.5,21.89,20.52,20.98
11/14/2017,21.34,22.22,20.99,21.68
11/15/2017,23.04,24.29,22.15,23.16
11/16/2017,22.49,22.49,20.68,21.06
11/17/2017,21.52,22.17,20.69,21
11/20/2017,21.85,21.94,20.26,20.49
11/21/2017,20.69,21.72,19.14,19.43
11/22/2017,19.63,20.53,18.94,19.01
11/24/2017,19.47,19.54,18.84,19.02
11/27/2017,20.1,21.5,19.58,19.64
11/28/2017,19.75,21.76,19.46,20.44
11/29/2017,20.74,26.3,20.62,23.23
11/30/2017,23.05,27.15,21.15,21.35
12/01/2017,22.36,27.75,21.55,22.23
12/04/2017,22.88,25.74,21.9,25.14
12/05/2017,27.18,27.18,21.94,22.89
12/06/2017,24.49,25.42,22.52,22.75
12/07/2017,22.5,24.75,21.35,22
12/08/2017,21.41,22.08,20.85,21.75
12/11/2017,19.06,19.49,15.91,15.91
12/12/2017,17.87,18.96,16.4,17.71
12/13/2017,18,18,16.05,17.3
12/14/2017,17.31,17.74,16.35,17.38
12/15/2017,18.75,18.75,17.07,18.08
12/18/2017,18.67,19.22,18.13,19.07
12/19/2017,20.39,20.48,19.34,20.16
12/20/2017,20.39,20.64,19.5,19.89
12/21/2017,20.28,20.28,18.87,19.03
12/22/2017,19.51,20.05,18.87,19.23
12/26/2017,23.83,27.13,22.8,22.96
12/27/2017,23.56,23.76,22.9,23.08
12/28/2017,23.45,25.54,22.38,22.72
12/29/2017,23.41,23.69,22.79,23.63
01/02/2018,25.51,25.78,24.07,24.25
01/03/2018,24.37,24.57,23.85,24.47
01/04/2018,24.93,25.5,23.86,23.88
01/05/2018,24.4,24.53,23.52,24.46
01/08/2018,26.29,26.41,25.12,25.15
01/09/2018,25.45,25.81,24.97,25.23
01/10/2018,25.9,26.01,25.26,25.52
01/11/2018,26.2,26.2,24.55,24.7
01/12/2018,25.29,28.4,24.67,25.64
01/16/2018,27.55,28.58,27.19,28.38
01/17/2018,29.14,29.97,27.96,29.6
01/18/2018,30.41,30.41,28.55,29.38
01/19/2018,29.41,29.41,27.69,27.98
01/22/2018,28.68,28.68,26.54,27.37
01/23/2018,32.5,34.93,27.44,27.83
01/24/2018,27.82,32.9,27.82,28.98
01/25/2018,29,31.24,27.98,29.82
01/26/2018,30.39,32.27,29.47,29.94
01/29/2018,30.96,40.81,30.96,34.39
01/30/2018,38.25,38.25,33.19,33.68
01/31/2018,33.97,36.93,32.61,33.99
02/01/2018,34.94,35.84,29.29,34.01
02/02/2018,25.8,29.66,24.08,28.69
02/05/2018,30.26,46.33,26.38,33.36
02/06/2018,39.23,39.23,29.15,29.89
02/07/2018,29.97,30.61,27.32,29.81
02/08/2018,29.6,36.12,29.03,36.12
02/09/2018,33.59,43.26,31.69,33.75
02/12/2018,32.62,33.64,27.23,27.71
02/13/2018,28.2,28.33,26.61,26.88
02/14/2018,27.58,27.59,24.75,24.78
02/15/2018,24.41,26.4,24.05,25.12
02/16/2018,26.38,26.38,24.09,24.59
02/20/2018,25.6,25.64,24.15,24.49
02/21/2018,24.36,24.47,22.31,23.59
02/22/2018,23.4,23.53,22.38,23.01
02/23/2018,22.68,22.71,21.06,21.06
02/26/2018,21.58,22.46,21.06,21.39
02/27/2018,21.61,23.36,21.21,23.14
02/28/2018,22.78,24.62,22.61,24.55
03/01/2018,24.41,31.32,24.18,26.81
03/02/2018,29.27,29.27,22.53,24.89
03/05/2018,25.93,26.27,23.77,23.79
03/06/2018,23.42,24.5,23.25,23.59
03/07/2018,24.65,25,23.33,23.68
03/08/2018,23.93,24.12,22.01,22.33
03/09/2018,21.89,22.07,19.3,20.28
03/12/2018,17.74,18.87,17.58,18.43
03/13/2018,18.45,20.97,18.26,20.03
03/14/2018,20.55,23.31,19.06,20.9
03/15/2018,21.24,21.58,18.33,19.42
03/16/2018,19.79,20.18,18.41,19.03
03/19/2018,19.83,30.21,19.6,22.59
03/20/2018,23.3,23.3,21.57,22.22
03/21/2018,23.12,24.81,22.64,24.34
03/22/2018,25.51,28.1,24.18,27.68
03/23/2018,27.95,32.8,26.99,31.56
03/26/2018,31.32,31.55,27.33,27.43
03/27/2018,27.78,32.65,25.56,31.61
03/28/2018,32.72,36.02,31.93,33.07
03/29/2018,32.58,33.69,28.58,30.36
04/02/2018,33.21,41.61,31.86,34.48
04/03/2018,34.31,43.83,27.15,32.15
04/04/2018,35.3,40.46,29.43,29.66
04/05/2018,29.34,29.49,28.13,28.32
04/06/2018,31.58,32.36,28.77,31.98
04/09/2018,33.19,33.19,30.22,31.7
04/10/2018,30.89,31.24,28.98,29.41
04/11/2018,30.3,30.38,29.14,29.94
04/12/2018,29.85,29.85,27.81,27.81
04/13/2018,28.4,31.69,27.12,27.54
04/16/2018,28.99,28.99,26.99,27.43
04/17/2018,28.06,28.35,26.11,27.1
04/18/2018,27.56,27.58,26.21,27.33
04/19/2018,29.24,31.04,28.66,30.51
04/20/2018,31.55,38.82,31.55,34.01
04/23/2018,33.63,35.16,31.58,31.6
04/24/2018,31.59,37.1,30.69,32.58
04/25/2018,32.81,32.89,29.79,31.87
04/26/2018,31.61,31.66,30.35,30.52
04/27/2018,30.86,33.33,29.75,30.7
04/30/2018,31.52,34.15,29.3,30.07
05/01/2018,30,30.45,27.95,28.98
05/02/2018,22.94,22.94,20.84,21.1
05/03/2018,21.5,24.21,21.23,21.94
05/04/2018,21.83,22.75,20.98,21.35
05/07/2018,21.61,23.24,21.35,22.38
05/08/2018,22.64,22.64,21.74,21.81
05/09/2018,21.84,21.9,21.44,21.68
05/10/2018,21.87,22.6,21.27,21.98
05/11/2018,21.41,21.81,20.26,20.4
05/14/2018,20.67,21.14,19.83,20.01
05/15/2018,20.66,23.16,19.74,20.31
05/16/2018,20.51,20.6,19.59,19.59
05/17/2018,19.9,20,19.27,19.6
05/18/2018,19.51,19.66,18.73,19.03
05/21/2018,18.82,20.21,18.2,18.63
05/22/2018,18.64,20.66,18.04,18.31
05/23/2018,18.55,18.91,17.28,17.71
05/24/2018,17.8,21.05,17.8,18.33
05/25/2018,18.7,19.6,17.67,17.7
05/29/2018,19.19,20.09,18.73,19.55
05/30/2018,19.69,22.75,19.32,19.41
05/31/2018,19.59,23.29,18.84,19.63
06/01/2018,19.47,19.57,18.53,18.57
06/04/2018,20.8,20.8,18.85,18.9
06/05/2018,19.4,19.4,18.63,18.64
06/06/2018,18.58,18.68,18.12,18.12
06/07/2018,18.67,18.97,18.4,18.63
06/08/2018,19.54,20.31,18.72,19.11
06/11/2018,16.81,28.41,16.04,16.68
06/12/2018,17.39,34.5,16.23,16.25
06/13/2018,16.73,35.19,16.24,16.91
06/14/2018,17.27,20.41,16.87,16.99
06/15/2018,17.76,18.48,16.59,18.09
06/18/2018,19.53,24.73,17.5,18.45
06/19/2018,20.13,29.26,18.46,20.29
06/20/2018,20.04,22.05,18.41,20.11
06/21/2018,20.12,22.37,20.09,21.57
06/22/2018,21.47,21.89,18.85,20.84
06/25/2018,22.95,25.93,21.78,24.34
06/26/2018,24.42,27.13,23.21,23.5
06/27/2018,23.38,34.41,22.8,25.48
06/28/2018,25.78,25.84,24,24.31
06/29/2018,23.99,32.04,23.53,24.13
07/02/2018,25.95,26.06,22.55,24.49
07/03/2018,24.21,29.41,24.18,26.39
07/05/2018,26.53,27.04,25.64,25.75
07/06/2018,25.9,25.9,24.54,25
07/09/2018,25.2,25.21,24.37,24.63
07/10/2018,24.67,24.73,23.68,23.97
07/11/2018,24.85,27.4,24.42,25.01
07/12/2018,24.47,24.47,23.76,24.38
07/13/2018,24.46,24.51,23.77,23.82
07/16/2018,25.19,25.2,24.31,24.98
07/17/2018,25.24,25.71,24.47,24.48
07/18/2018,24.66,25.5,24.66,25.03
07/19/2018,25.26,25.82,24.83,25.64
07/20/2018,25.6,26.07,23.81,24.73
07/23/2018,25.03,25.43,23.53,23.81
07/24/2018,23.52,23.66,23.05,23.45
07/25/2018,23.35,23.59,22.2,22.56
07/26/2018,23.1,24.25,22.82,24.23
07/27/2018,24.06,26.71,23.76,26.21
07/30/2018,26.26,30.55,26.24,27.93
07/31/2018,27.94,32.19,27.43,29.64
08/01/2018,21.49,21.49,18.95,20.25
08/02/2018,20.68,23.82,20.14,20.33
08/03/2018,20.45,21.04,19.71,19.89
08/06/2018,20.48,20.66,18.98,18.98
08/07/2018,19,19.87,19,19.32
08/08/2018,18.68,22.08,18.68,19
08/09/2018,19,20.17,19,19.12
08/10/2018,19.65,21.48,19.27,19.52
08/13/2018,19.47,23.49,18.35,19.52
08/14/2018,19.13,20.27,17.89,18.44
08/15/2018,19.14,27.51,18.74,20.72
08/16/2018,19.97,20.92,19.68,20.52
08/17/2018,20.71,22.75,20.48,21.05
08/20/2018,21.46,21.98,20.42,20.51
08/21/2018,20.34,21.65,20.11,20.33
08/22/2018,20.64,20.85,19.32,19.32
08/23/2018,19.48,20.15,19.48,20
08/24/2018,19.88,19.97,18.71,18.75
08/27/2018,19.45,19.9,19.2,19.52
08/28/2018,19.49,20.87,19.49,20.46
08/29/2018,20.52,21.24,20.41,20.83
08/30/2018,20.98,24.62,20.59,23.85
08/31/2018,24.03,34.88,23.84,25.5
09/04/2018,26.73,29.93,25.74,26.39
09/05/2018,26.45,28.18,25.8,26.8
09/06/2018,29.87,35.78,25.95,26.65
09/07/2018,27,37.75,26.27,28.23
09/10/2018,28.52,36.83,27.66,28.19
09/11/2018,28.16,34.73,26.94,27.74
09/12/2018,27.83,33.7,25.1,25.8
09/13/2018,25.36,27,22.81,24.68
09/14/2018,25.54,26.18,21.93,23.97
09/17/2018,24.45,33,24.42,27.05
09/18/2018,27.03,27.16,24.97,27.13
09/19/2018,27.19,28.72,24.88,25.98
09/20/2018,25.62,25.73,24.26,24.64
09/21/2018,24.68,33.1,23.46,23.46
09/24/2018,26.33,27.29,24.45,24.45
09/25/2018,24.98,25.13,24.27,24.45
09/26/2018,24.85,27.07,22.04,25.36
09/27/2018,24.97,28.05,24.34,24.82
09/28/2018,25.29,25.53,23.9,23.93
10/01/2018,25.03,25.83,24.55,24.95
10/02/2018,25.12,26.18,24.55,26.18
10/03/2018,26.27,26.9,25.52,26.9
10/04/2018,27.16,30.16,27.08,28.81
10/05/2018,28.89,37.4,27.83,32.22
