,startDay,endDay,volatility
0,1.0,30.0,0.2699111503368953
1,2.0,31.0,0.27015330391031833
2,3.0,32.0,0.2695938669986434
3,4.0,33.0,0.26098751167003603
4,5.0,34.0,0.27007590408086785
5,6.0,35.0,0.2636305558013121
6,7.0,36.0,0.26194884392455764
7,8.0,37.0,0.2572996873127716
8,9.0,38.0,0.25627325143022744
9,10.0,39.0,0.25862546645333734
10,11.0,40.0,0.25306965197502274
11,12.0,41.0,0.23134480556199574
12,13.0,42.0,0.22969667516567288
13,14.0,43.0,0.24093465587915164
14,15.0,44.0,0.24385095610859447
15,16.0,45.0,0.22766889069136953
16,17.0,46.0,0.23851911566265174
17,18.0,47.0,0.23878592459874748
18,19.0,48.0,0.2532744764785152
19,20.0,49.0,0.2496783410792409
20,21.0,50.0,0.2508955350500615
21,22.0,51.0,0.2513895700990117
22,23.0,52.0,0.25100580447539406
23,24.0,53.0,0.228729239783492
24,25.0,54.0,0.22859277846558718
25,26.0,55.0,0.22865003570499565
26,27.0,56.0,0.2293309429276732
27,28.0,57.0,0.2314821911045248
28,29.0,58.0,0.24280870405375557
29,30.0,59.0,0.24367077862970712
30,31.0,60.0,0.2435975381636488
31,32.0,61.0,0.25029381165466213
32,33.0,62.0,0.25125811631466155
33,34.0,63.0,0.24171386495776673
34,35.0,64.0,0.24149331453176787
35,36.0,65.0,0.24252648524319542
36,37.0,66.0,0.24148705026833453
37,38.0,67.0,0.25552482695286344
38,39.0,68.0,0.25980603690459664
39,40.0,69.0,0.26473032844812744
40,41.0,70.0,0.28265307449343036
41,42.0,71.0,0.2832816001929688
42,43.0,72.0,0.2770421811510108
43,44.0,73.0,0.2760629989343018
44,45.0,74.0,0.2769225970727069
45,46.0,75.0,0.26690597029510627
46,47.0,76.0,0.26702065557298177
47,48.0,77.0,0.24776930960832994
48,49.0,78.0,0.23912474680113865
49,50.0,79.0,0.2340765411905937
50,51.0,80.0,0.23306596313756847
51,52.0,81.0,0.23342629499201564
52,53.0,82.0,0.22643735109378238
53,54.0,83.0,0.22646002142184501
54,55.0,84.0,0.23217615987921492
55,56.0,85.0,0.23693752768297147
56,57.0,86.0,0.23605983537948158
57,58.0,87.0,0.22108374218770296
58,59.0,88.0,0.22131995631256657
59,60.0,89.0,0.2211941840140764
60,61.0,90.0,0.21394193133409087
61,62.0,91.0,0.21287452143508542
62,63.0,92.0,0.2173347105733639
63,64.0,93.0,0.21348860831891542
64,65.0,94.0,0.21295481657954932
65,66.0,95.0,0.21345534390170337
66,67.0,96.0,0.19571721114292598
67,68.0,97.0,0.18594608529652737
68,69.0,98.0,0.1856967661678852
69,70.0,99.0,0.1500693286234203
70,71.0,100.0,0.14768383148026878
71,72.0,101.0,0.1418730660544287
72,73.0,102.0,0.14257670337126432
73,74.0,103.0,0.14210655031599675
74,75.0,104.0,0.14752189555590473
75,76.0,105.0,0.14772209540874914
76,77.0,106.0,0.14254291882673897
77,78.0,107.0,0.14502188957343184
78,79.0,108.0,0.14803475497744817
79,80.0,109.0,0.14872207292224063
80,81.0,110.0,0.19540228797683293
81,82.0,111.0,0.23983069656914344
82,83.0,112.0,0.2395053407707433
83,84.0,113.0,0.26735267955389114
84,85.0,114.0,0.26345105613247977
85,86.0,115.0,0.2710017312168374
86,87.0,116.0,0.2789331979377931
87,88.0,117.0,0.28342083545910957
88,89.0,118.0,0.3218918898924566
89,90.0,119.0,0.3225347499944647
90,91.0,120.0,0.3255415879094852
91,92.0,121.0,0.32664132695599735
92,93.0,122.0,0.3273747570472102
93,94.0,123.0,0.3350670439390131
94,95.0,124.0,0.334516698640709
95,96.0,125.0,0.353378681431407
96,97.0,126.0,0.3673060583015787
97,98.0,127.0,0.3658761274518642
98,99.0,128.0,0.3692550972463439
99,100.0,129.0,0.4129814705001585
100,101.0,130.0,0.4145953365910329
101,102.0,131.0,0.4417105177401388
102,103.0,132.0,0.4616388522284304
103,104.0,133.0,0.4810219599475376
104,105.0,134.0,0.4941172112582906
105,106.0,135.0,0.5012914456935558
106,107.0,136.0,0.5005139246521582
107,108.0,137.0,0.50800725559003
108,109.0,138.0,0.5115601706877387
109,110.0,139.0,0.4961717482969825
110,111.0,140.0,0.47655012412624304
111,112.0,141.0,0.47668121213140074
112,113.0,142.0,0.4575442728634191
113,114.0,143.0,0.459149839233386
114,115.0,144.0,0.457885247895765
115,116.0,145.0,0.45329774742641327
116,117.0,146.0,0.45011924353704436
117,118.0,147.0,0.42472025083335796
118,119.0,148.0,0.42746629169970646
119,120.0,149.0,0.4253530426303102
120,121.0,150.0,0.42457447930885933
121,122.0,151.0,0.4238556667499035
122,123.0,152.0,0.41786078508327207
123,124.0,153.0,0.42115943530676647
124,125.0,154.0,0.40653236661450387
125,126.0,155.0,0.39338960329644024
126,127.0,156.0,0.39215683521852385
127,128.0,157.0,0.3919845467346014
128,129.0,158.0,0.3465196133241912
129,130.0,159.0,0.345228586210618
130,131.0,160.0,0.32095589270771857
131,132.0,161.0,0.2999335275276974
132,133.0,162.0,0.2912469889345513
133,134.0,163.0,0.26949276144093215
134,135.0,164.0,0.30560618476909923
135,136.0,165.0,0.31224692606325855
136,137.0,166.0,0.32632116553943197
137,138.0,167.0,0.3358387786121056
138,139.0,168.0,0.3497833281868799
139,140.0,169.0,0.379948018776961
140,141.0,170.0,0.38126328318213787
141,142.0,171.0,0.38377398478848435
142,143.0,172.0,0.3833184508888252
143,144.0,173.0,0.38338765227279087
144,145.0,174.0,0.38667940412147056
145,146.0,175.0,0.3866275897156951
146,147.0,176.0,0.39650822371711597
147,148.0,177.0,0.4026912490850404
148,149.0,178.0,0.4024316809743169
149,150.0,179.0,0.39989817271399675
150,151.0,180.0,0.40085559853985725
151,152.0,181.0,0.40016694092778843
152,153.0,182.0,0.4046010662851593
153,154.0,183.0,0.40796726981545806
154,155.0,184.0,0.4079402040924362
155,156.0,185.0,0.40678708125449287
156,157.0,186.0,0.4072128973653655
157,158.0,187.0,0.40987366158899585
158,159.0,188.0,0.40932459201933724
159,160.0,189.0,0.4015585252266334
160,161.0,190.0,0.3992721298501173
161,162.0,191.0,0.3832869243435816
162,163.0,192.0,0.38244228010328063
163,164.0,193.0,0.3447183571230352
164,165.0,194.0,0.33938079470034455
165,166.0,195.0,0.31241206316830333
166,167.0,196.0,0.29608306312818206
167,168.0,197.0,0.27992292916449724
168,169.0,198.0,0.2369099104784364
169,170.0,199.0,0.23716564815388788
170,171.0,200.0,0.23229397168493818
171,172.0,201.0,0.23091071930660276
172,173.0,202.0,0.22252299620928204
173,174.0,203.0,0.21656760584191515
174,175.0,204.0,0.21697655099857702
175,176.0,205.0,0.19578837692819778
176,177.0,206.0,0.1758554341943012
177,178.0,207.0,0.17891322286815875
178,179.0,208.0,0.18022304176802348
179,180.0,209.0,0.19832992387261092
180,181.0,210.0,0.20313333547981707
181,182.0,211.0,0.19271905258579725
182,183.0,212.0,0.20660278191355785
183,184.0,213.0,0.20672776133316728
184,185.0,214.0,0.20813597108987258
185,186.0,215.0,0.22137935901951802
186,187.0,216.0,0.2200872035823571
187,188.0,217.0,0.22322003401291718
188,189.0,218.0,0.218971376758807
189,190.0,219.0,0.2125788585176678
190,191.0,220.0,0.20890429204168612
191,192.0,221.0,0.21120269526815677
192,193.0,222.0,0.21187088056914327
193,194.0,223.0,0.21075175436031537
194,195.0,224.0,0.2101581578441038
195,196.0,225.0,0.2103876739659283
196,197.0,226.0,0.21035586856999897
197,198.0,227.0,0.21020597964356671
198,199.0,228.0,0.20945047738998496
199,200.0,229.0,0.21613507828398162
200,201.0,230.0,0.21633819632011253
201,202.0,231.0,0.2163816911495465
202,203.0,232.0,0.21683947396497258
203,204.0,233.0,0.2183989776009893
204,205.0,234.0,0.5166600516099514
205,206.0,235.0,0.5161564857467149
206,207.0,236.0,0.5152433534663989
207,208.0,237.0,0.5158991094945513
208,209.0,238.0,0.5120723286378183
209,210.0,239.0,0.510313100968111
210,211.0,240.0,0.509596520089653
211,212.0,241.0,0.5022135289983397
212,213.0,242.0,0.5022360765431982
213,214.0,243.0,0.5014848574447568
214,215.0,244.0,0.49319791015227427
215,216.0,245.0,0.4909483604503041
216,217.0,246.0,0.4900095340836173
217,218.0,247.0,0.49008979962670635
218,219.0,248.0,0.4895312947149612
219,220.0,249.0,0.4894651582750067
220,221.0,250.0,0.49160059859202176
221,222.0,251.0,0.4919631964431315
222,223.0,252.0,0.4919038628290163
223,224.0,253.0,0.49183834958638817
224,225.0,254.0,0.49199777202136263
225,226.0,255.0,0.491509423930589
226,227.0,256.0,0.4935618060892737
227,228.0,257.0,0.4926973535143924
228,229.0,258.0,0.4929074708813394
229,230.0,259.0,0.4932101214936305
230,231.0,260.0,0.494224218253725
231,232.0,261.0,0.4939837584273293
232,233.0,262.0,0.4926840281124772
233,234.0,263.0,0.16226864548659964
234,235.0,264.0,0.1635085836609341
235,236.0,265.0,0.16543805896073238
236,237.0,266.0,0.17295112424182948
237,238.0,267.0,0.1622219316088201
238,239.0,268.0,0.1671885701124819
239,240.0,269.0,0.17044341812841973
240,241.0,270.0,0.16995683867250339
241,242.0,271.0,0.16981466778666604
242,243.0,272.0,0.1761901829829266
243,244.0,273.0,0.17638668077733696
244,245.0,274.0,0.18135025484211156
245,246.0,275.0,0.18601917345857868
246,247.0,276.0,0.18772137901116392
247,248.0,277.0,0.18758412128192184
248,249.0,278.0,0.18703529252264844
249,250.0,279.0,0.18011976186108092
250,251.0,280.0,0.18101323045162443
251,252.0,281.0,0.18732393820032908
252,253.0,282.0,0.18822186077368766
253,254.0,283.0,0.1875582222174899
254,255.0,284.0,0.19744797826689528
255,256.0,285.0,0.1929563177202549
256,257.0,286.0,0.193294862158873
257,258.0,287.0,0.19233034243749644
258,259.0,288.0,0.19287999287693783
259,260.0,289.0,0.21116605883209555
260,261.0,290.0,0.2129246372708771
261,262.0,291.0,0.21300650537307253
262,263.0,292.0,0.20796416332805429
263,264.0,293.0,0.20690927463494455
264,265.0,294.0,0.20770713933174337
265,266.0,295.0,0.19889215708041041
266,267.0,296.0,0.20019266358858645
267,268.0,297.0,0.2257645632005667
268,269.0,298.0,0.23734483350795146
269,270.0,299.0,0.23485567834151772
270,271.0,300.0,0.23874451655155418
271,272.0,301.0,0.23398266146299088
272,273.0,302.0,0.23799173368097498
273,274.0,303.0,0.2335575503350526
274,275.0,304.0,0.22828988446391038
275,276.0,305.0,0.2266043178239531
276,277.0,306.0,0.23209097230144338
277,278.0,307.0,0.2321871931008707
278,279.0,308.0,0.231226184646862
279,280.0,309.0,0.2297808430056342
280,281.0,310.0,0.22848952920041116
281,282.0,311.0,0.22795896069354374
282,283.0,312.0,0.23635387204826352
283,284.0,313.0,0.2323152569879218
284,285.0,314.0,0.23291142312625523
285,286.0,315.0,0.2412553538081784
286,287.0,316.0,0.24147880792654294
287,288.0,317.0,0.24019291437430237
288,289.0,318.0,0.22803103224553217
289,290.0,319.0,0.23110601668257377
290,291.0,320.0,0.23927321422206027
291,292.0,321.0,0.24145666503026028
292,293.0,322.0,0.24166042472382127
293,294.0,323.0,0.2394144902661647
294,295.0,324.0,0.2415833701344808
295,296.0,325.0,0.24001239674046038
296,297.0,326.0,0.21325645124263104
297,298.0,327.0,0.2119587158384182
298,299.0,328.0,0.2153980717367907
299,300.0,329.0,0.21173840817214928
300,301.0,330.0,0.21924775039561376
301,302.0,331.0,0.2200515371499599
302,303.0,332.0,0.24733129069887225
303,304.0,333.0,0.24729135035276528
304,305.0,334.0,0.248202293067461
305,306.0,335.0,0.2453519054222445
306,307.0,336.0,0.244250629804281
307,308.0,337.0,0.246949290681416
308,309.0,338.0,0.24597116700690727
309,310.0,339.0,0.24260611413704544
310,311.0,340.0,0.2421949070458209
311,312.0,341.0,0.23400784937890698
312,313.0,342.0,0.23412725947027313
313,314.0,343.0,0.2341926443914301
314,315.0,344.0,0.22519320156218198
315,316.0,345.0,0.22195389586363384
316,317.0,346.0,0.21998237519590647
317,318.0,347.0,0.21921463126416316
318,319.0,348.0,0.22833627672197696
319,320.0,349.0,0.22154631640949066
320,321.0,350.0,0.21914258967864994
321,322.0,351.0,0.22474188993707717
322,323.0,352.0,0.22470973693863533
323,324.0,353.0,0.22277431227878478
324,325.0,354.0,0.22296192905169704
325,326.0,355.0,0.22816512261069666
326,327.0,356.0,0.21204862850916914
327,328.0,357.0,0.20753449821502504
328,329.0,358.0,0.20805741707145728
329,330.0,359.0,0.20023572891042496
330,331.0,360.0,0.21325620199674727
331,332.0,361.0,0.18259081199018096
332,333.0,362.0,0.18583254844910507
333,334.0,363.0,0.18438038276435642
334,335.0,364.0,0.1819539181694547
335,336.0,365.0,0.18442489803848808
336,337.0,366.0,0.1811478349570445
337,338.0,367.0,0.18139213649764677
338,339.0,368.0,0.18218112608626916
339,340.0,369.0,0.18236095936998886
340,341.0,370.0,0.19456824198578365
341,342.0,371.0,0.1945224207859425
342,343.0,372.0,0.19356706380102845
343,344.0,373.0,0.19451390113044578
344,345.0,374.0,0.19629569588787793
345,346.0,375.0,0.19659936193944658
346,347.0,376.0,0.19511988899851374
347,348.0,377.0,0.17859696462131566
348,349.0,378.0,0.18621959760298515
349,350.0,379.0,0.1867037031134728
350,351.0,380.0,0.1842431818105576
351,352.0,381.0,0.18442232269517658
352,353.0,382.0,0.19861737688196351
353,354.0,383.0,0.20164565912159235
354,355.0,384.0,0.19383161162947385
355,356.0,385.0,0.19354549036352167
356,357.0,386.0,0.19313714949208818
357,358.0,387.0,0.19270599356975823
358,359.0,388.0,0.20098787174360994
359,360.0,389.0,0.18144944924690298
360,361.0,390.0,0.1797897220526233
361,362.0,391.0,0.17643096034824485
362,363.0,392.0,0.1763284680039403
363,364.0,393.0,0.1765385120399668
364,365.0,394.0,0.17341226701994528
365,366.0,395.0,0.17280535109918171
366,367.0,396.0,0.1728106452398569
367,368.0,397.0,0.17269100047917457
368,369.0,398.0,0.17244704266280358
369,370.0,399.0,0.1590492137505408
370,371.0,400.0,0.15207844612783414
371,372.0,401.0,0.15119739895829926
372,373.0,402.0,0.15340497010972465
373,374.0,403.0,0.14687151542158877
374,375.0,404.0,0.14680417654003175
375,376.0,405.0,0.14320397126086962
376,377.0,406.0,0.1435915730178782
377,378.0,407.0,0.13062004687062778
378,379.0,408.0,0.13735665210174733
379,380.0,409.0,0.13136210771385057
380,381.0,410.0,0.13115119694786062
381,382.0,411.0,0.11069602598323322
382,383.0,412.0,0.10434911307481733
383,384.0,413.0,0.11091128700158398
384,385.0,414.0,0.11344085460380876
385,386.0,415.0,0.11355515306492267
386,387.0,416.0,0.11608229610774023
387,388.0,417.0,0.10255761106384383
388,389.0,418.0,0.10108395155417525
389,390.0,419.0,0.16222748794530947
390,391.0,420.0,0.1652353783003272
391,392.0,421.0,0.1693182883438048
392,393.0,422.0,0.17174380258719624
393,394.0,423.0,0.17325502301124382
394,395.0,424.0,0.17392183001243308
395,396.0,425.0,0.17398785428116234
396,397.0,426.0,0.18308365059914128
397,398.0,427.0,0.1840624284858947
398,399.0,428.0,0.1879807660716842
399,400.0,429.0,0.18803351968362764
400,401.0,430.0,0.18716201381690617
401,402.0,431.0,0.18457121872183296
402,403.0,432.0,0.18685550386902566
403,404.0,433.0,0.18702722602243196
404,405.0,434.0,0.19545402188885985
405,406.0,435.0,0.19530873901568277
406,407.0,436.0,0.19526612022160628
407,408.0,437.0,0.18968542544259076
408,409.0,438.0,0.2022221003391423
409,410.0,439.0,0.2293158564148368
410,411.0,440.0,0.2284040675956071
411,412.0,441.0,0.2288820013738014
412,413.0,442.0,0.23672668566117494
413,414.0,443.0,0.23765142693568217
414,415.0,444.0,0.23760415993894476
415,416.0,445.0,0.24071180913851922
416,417.0,446.0,0.24141777835767417
417,418.0,447.0,0.2420979658419927
418,419.0,448.0,0.20646131028552772
419,420.0,449.0,0.205365706437228
420,421.0,450.0,0.20544384698150073
421,422.0,451.0,0.20379819327493742
422,423.0,452.0,0.2057361986792917
423,424.0,453.0,0.20690615167760562
424,425.0,454.0,0.2166452953147528
425,426.0,455.0,0.21205864131267949
426,427.0,456.0,0.21119499840899522
427,428.0,457.0,0.20778654085854076
428,429.0,458.0,0.2093298033476971
429,430.0,459.0,0.21074337051718645
430,431.0,460.0,0.22906840839977646
431,432.0,461.0,0.22721707721049872
432,433.0,462.0,0.22902511597599956
433,434.0,463.0,0.22704703757456737
434,435.0,464.0,0.22754496817197564
435,436.0,465.0,0.23605382267554248
436,437.0,466.0,0.2359773742482567
437,438.0,467.0,0.22694193838695872
438,439.0,468.0,0.20126518916320466
439,440.0,469.0,0.22039404852885502
440,441.0,470.0,0.22027226966319013
441,442.0,471.0,0.21319427222458537
442,443.0,472.0,0.21120218517801162
443,444.0,473.0,0.2418354643007661
444,445.0,474.0,0.2558269193062675
445,446.0,475.0,0.25461939478313156
446,447.0,476.0,0.2885156909066272
447,448.0,477.0,0.29749491135609263
448,449.0,478.0,0.2970793826414973
449,450.0,479.0,0.325729518902691
450,451.0,480.0,0.3302946731020185
451,452.0,481.0,0.32813844128870573
452,453.0,482.0,0.3394209773631395
453,454.0,483.0,0.33393770912105425
454,455.0,484.0,0.33674768926300375
455,456.0,485.0,0.38328072867124846
456,457.0,486.0,0.38339860318848185
457,458.0,487.0,0.38633516982607813
458,459.0,488.0,0.3857834436331255
459,460.0,489.0,0.38395175929325476
460,461.0,490.0,0.38539194639647956
461,462.0,491.0,0.3853837777421648
462,463.0,492.0,0.3812668938713184
463,464.0,493.0,0.38123348282351127
464,465.0,494.0,0.37858293054745534
465,466.0,495.0,0.3796147580958119
466,467.0,496.0,0.3794194091472214
467,468.0,497.0,0.3788032272281245
468,469.0,498.0,0.37033734649652916
469,470.0,499.0,0.37000968195350903
470,471.0,500.0,0.36719859855968867
